,Unnamed: 0,ID,Name_x_x,Team,Conference:,Division,SeasonType_x,Season:,Score,OpponentScore,TotalScore,Temperature,Humidity,WindSpeed,OverUnder,PointSpread,ScoreQuarter1,ScoreQuarter2,ScoreQuarter3,ScoreQuarter4,ScoreOvertime,TimeOfPossession,FirstDowns,FirstDownsByRushing,FirstDownsByPassing,FirstDownsByPenalty,OffensivePlays,OffensiveYards,OffensiveYardsPerPlay,Touchdowns_x,RushingAttempts,RushingYards,RushingYardsPerAttempt,RushingTouchdowns,PassingAttempts,PassingCompletions,PassingYards,PassingTouchdowns,PassingInterceptions,PassingYardsPerAttempt,PassingYardsPerCompletion,CompletionPercentage,PasserRating,ThirdDownAttempts,ThirdDownConversions,ThirdDownPercentage,FourthDownAttempts,FourthDownConversions,FourthDownPercentage,RedZoneAttempts,RedZoneConversions,GoalToGoAttempts,GoalToGoConversions,ReturnYards,Penalties,PenaltyYards,Fumbles,FumblesLost,TimesSacked,TimesSackedYards,QuarterbackHits,TacklesForLoss,Safeties,Punts,PuntYards,PuntAverage,Giveaways,Takeaways,TurnoverDifferential,OpponentScoreQuarter1,OpponentScoreQuarter2,OpponentScoreQuarter3,OpponentScoreQuarter4,OpponentScoreOvertime,OpponentTimeOfPossession,OpponentFirstDowns,OpponentFirstDownsByRushing,OpponentFirstDownsByPassing,OpponentFirstDownsByPenalty,OpponentOffensivePlays,OpponentOffensiveYards,OpponentOffensiveYardsPerPlay,OpponentTouchdowns,OpponentRushingAttempts,OpponentRushingYards,OpponentRushingYardsPerAttempt,OpponentRushingTouchdowns,OpponentPassingAttempts,OpponentPassingCompletions,OpponentPassingYards,OpponentPassingTouchdowns,OpponentPassingInterceptions,OpponentPassingYardsPerAttempt,OpponentPassingYardsPerCompletion,OpponentCompletionPercentage,OpponentPasserRating,OpponentThirdDownAttempts,OpponentThirdDownConversions,OpponentThirdDownPercentage,OpponentFourthDownAttempts,OpponentFourthDownConversions,OpponentFourthDownPercentage,OpponentRedZoneAttempts,OpponentRedZoneConversions,OpponentGoalToGoAttempts,OpponentGoalToGoConversions,OpponentReturnYards,OpponentPenalties,OpponentPenaltyYards,OpponentFumbles,OpponentFumblesLost,OpponentTimesSacked,OpponentTimesSackedYards,OpponentQuarterbackHits,OpponentTacklesForLoss,OpponentSafeties,OpponentPunts,OpponentPuntYards,OpponentPuntAverage,OpponentGiveaways,OpponentTakeaways,OpponentTurnoverDifferential,RedZonePercentage,GoalToGoPercentage,QuarterbackHitsDifferential,TacklesForLossDifferential,QuarterbackSacksDifferential,TacklesForLossPercentage,QuarterbackHitsPercentage,TimesSackedPercentage,OpponentRedZonePercentage,OpponentGoalToGoPercentage,OpponentQuarterbackHitsDifferential,OpponentTacklesForLossDifferential,OpponentQuarterbackSacksDifferential,OpponentTacklesForLossPercentage,OpponentQuarterbackHitsPercentage,OpponentTimesSackedPercentage,Kickoffs,KickoffsInEndZone,KickoffTouchbacks,PuntsHadBlocked,PuntNetAverage,ExtraPointKickingAttempts,ExtraPointKickingConversions,ExtraPointsHadBlocked,ExtraPointPassingAttempts,ExtraPointPassingConversions,ExtraPointRushingAttempts,ExtraPointRushingConversions,FieldGoalAttempts,FieldGoalsMade,FieldGoalsHadBlocked,PuntReturns,PuntReturnYards,KickReturns,KickReturnYards,InterceptionReturns,InterceptionReturnYards,OpponentKickoffs,OpponentKickoffsInEndZone,OpponentKickoffTouchbacks,OpponentPuntsHadBlocked,OpponentPuntNetAverage,OpponentExtraPointKickingAttempts,OpponentExtraPointKickingConversions,OpponentExtraPointsHadBlocked,OpponentExtraPointPassingAttempts,OpponentExtraPointPassingConversions,OpponentExtraPointRushingAttempts,OpponentExtraPointRushingConversions,OpponentFieldGoalAttempts,OpponentFieldGoalsMade,OpponentFieldGoalsHadBlocked,OpponentPuntReturns,OpponentPuntReturnYards,OpponentKickReturns,OpponentKickReturnYards,OpponentInterceptionReturns,OpponentInterceptionReturnYards,SoloTackles,AssistedTackles,Sacks,SackYards,PassesDefended,FumblesForced,FumblesRecovered,FumbleReturnYards,FumbleReturnTouchdowns,InterceptionReturnTouchdowns,BlockedKicks,PuntReturnTouchdowns,PuntReturnLong,KickReturnTouchdowns,KickReturnLong,BlockedKickReturnYards,BlockedKickReturnTouchdowns,FieldGoalReturnYards,FieldGoalReturnTouchdowns,PuntNetYards,OpponentSoloTackles,OpponentAssistedTackles,OpponentSacks,OpponentSackYards,OpponentPassesDefended,OpponentFumblesForced,OpponentFumblesRecovered,OpponentFumbleReturnYards,OpponentFumbleReturnTouchdowns,OpponentInterceptionReturnTouchdowns,OpponentBlockedKicks,OpponentPuntReturnTouchdowns,OpponentPuntReturnLong,OpponentKickReturnTouchdowns,OpponentKickReturnLong,OpponentBlockedKickReturnYards,OpponentBlockedKickReturnTouchdowns,OpponentFieldGoalReturnYards,OpponentFieldGoalReturnTouchdowns,OpponentPuntNetYards,TeamName,Games,PassingDropbacks,OpponentPassingDropbacks,TeamSeasonID,TwoPointConversionReturns,OpponentTwoPointConversionReturns,TeamID_x,GlobalTeamID_x,TeamStatID,Division:,SeasonType_y,Season_y,Conference_y,Division_y,Name_y,Wins,Losses,Ties,Percentage,PointsFor,PointsAgainst,NetPoints,Touchdowns_y,DivisionWins,DivisionLosses,ConferenceWins,ConferenceLosses,TeamID_y,DivisionTies,ConferenceTies,GlobalTeamID_y,DivisionRank,ConferenceRank,Name_x_y,url
0,0,1.0,Arizona Cardinals,ARI,NFC,West,1.0,2020.0,410.0,367.0,777.0,71.0,64.0,7.0,54.9,-2.0,98.0,109.0,90.0,110.0,3.0,29:04,415.0,148.0,230.0,37.0,1178.0,6694.0,6.7,53.0,521.0,2434.0,5.6,24.0,626.0,421.0,4261.0,29.0,14.0,8.0,11.0,73.2,100.9,220.0,87.0,43.1,27.0,18.0,74.0,63.0,41.0,0.0,0.0,324.0,123.0,944.0,9.0,9.0,32.0,202.0,114.0,111.0,1.0,63.0,2829.0,48.7,23.0,23.0,0.0,72.0,128.0,70.0,97.0,0.0,32:33,395.0,128.0,225.0,41.0,1147.0,6127.0,6.3,46.0,474.0,2185.0,5.4,14.0,620.0,397.0,3942.0,28.0,12.0,7.6,10.8,69.6,96.9,220.0,87.0,43.1,23.0,15.0,72.6,61.0,32.0,0.0,0.0,504.0,113.0,915.0,11.0,11.0,52.0,355.0,59.0,100.0,2.0,71.0,3248.0,49.9,23.0,23.0,0.0,71.3,0.0,55.0,11.0,21.0,25.5,18.5,4.8,56.4,0.0,-55.0,-11.0,-21.0,20.9,10.5,9.2,95.0,70.0,42.0,0.0,-0.2,50.0,49.0,0.0,6.0,0.0,0.0,0.0,33.0,25.0,1.0,27.0,148.0,26.0,571.0,12.0,140.0,86.0,73.0,60.0,0.0,-0.1,41.0,39.0,0.0,6.0,0.0,0.0,0.0,33.0,27.0,0.0,24.0,219.0,50.0,974.0,14.0,249.0,809.0,323.0,52.0,358.0,62.0,15.0,11.0,36.0,0.0,0.0,2.0,0.0,26.0,0.0,59.0,0.0,0.0,0.0,0.0,-12.0,818.0,334.0,32.0,196.0,67.0,18.0,11.0,36.0,1.0,2.0,1.0,0.0,63.0,0.0,58.0,0.0,0.0,0.0,0.0,-9.0,Cardinals,16.0,657.0,672.0,201000001.0,0.0,0.0,1.0,1.0,201000001.0,NFC West,1.0,2020.0,NFC,West,Arizona Cardinals,8.0,8.0,0.0,0.5,410.0,367.0,43.0,49.0,2.0,4.0,6.0,6.0,1.0,0.0,0.0,1.0,3.0,8.0,Arizona Cardinals,https://upload.wikimedia.org/wikipedia/en/thumb/7/72/Arizona_Cardinals_logo.svg/179px-Arizona_Cardinals_logo.svg.png
1,1,2.0,Atlanta Falcons,ATL,NFC,South,1.0,2020.0,396.0,414.0,810.0,67.0,62.0,9.0,55.8,2.7,91.0,131.0,70.0,104.0,0.0,31:42,398.0,94.0,264.0,40.0,1173.0,6414.0,6.5,45.0,445.0,1667.0,4.4,14.0,683.0,444.0,4747.0,29.0,12.0,8.2,11.6,70.7,100.3,240.0,106.0,47.8,28.0,16.0,62.8,63.0,34.0,0.0,0.0,393.0,90.0,801.0,8.0,8.0,45.0,280.0,100.0,89.0,0.0,61.0,2591.0,46.2,20.0,23.0,4.0,68.0,100.0,96.0,150.0,0.0,29:18,399.0,106.0,260.0,34.0,1125.0,6937.0,7.3,53.0,413.0,1827.0,5.2,16.0,680.0,462.0,5110.0,37.0,13.0,8.9,12.1,74.0,109.0,212.0,87.0,44.6,25.0,11.0,47.3,61.0,39.0,0.0,0.0,225.0,99.0,870.0,11.0,11.0,32.0,240.0,121.0,100.0,0.0,59.0,2685.0,49.7,23.0,20.0,-3.0,58.1,0.0,-21.0,-11.0,-13.0,23.5,15.3,6.1,70.0,0.0,21.0,11.0,13.0,24.5,18.1,5.2,100.0,73.0,50.0,0.0,0.8,41.0,37.0,0.0,7.0,1.0,0.0,0.0,44.0,41.0,0.0,18.0,165.0,22.0,445.0,13.0,222.0,91.0,77.0,64.0,0.0,1.7000000000000002,49.0,48.0,0.0,8.0,2.0,0.0,0.0,30.0,26.0,0.0,28.0,154.0,47.0,1099.0,12.0,44.0,751.0,371.0,32.0,240.0,55.0,15.0,11.0,6.0,0.0,1.0,0.0,0.0,26.0,0.0,32.0,0.0,0.0,0.0,0.0,42.0,764.0,318.0,45.0,280.0,88.0,15.0,8.0,27.0,0.0,0.0,0.0,0.0,23.0,0.0,83.0,0.0,0.0,0.0,0.0,85.0,Falcons,16.0,728.0,712.0,201000002.0,0.0,0.0,2.0,2.0,201000002.0,NFC South,1.0,2020.0,NFC,South,Atlanta Falcons,4.0,12.0,0.0,0.25,396.0,414.0,-18.0,41.0,1.0,5.0,2.0,10.0,2.0,0.0,0.0,2.0,4.0,16.0,Atlanta Falcons,https://upload.wikimedia.org/wikipedia/en/thumb/c/c5/Atlanta_Falcons_logo.svg/192px-Atlanta_Falcons_logo.svg.png
2,2,3.0,Baltimore Ravens,BAL,AFC,North,1.0,2020.0,468.0,303.0,771.0,57.0,57.0,9.0,50.9,-7.3,118.0,147.0,99.0,104.0,0.0,32:30,356.0,181.0,154.0,21.0,1080.0,6321.0,7.0,60.0,604.0,3341.0,6.5,26.0,442.0,280.0,2980.0,29.0,12.0,7.9,11.6,68.9,102.1,225.0,110.0,53.1,21.0,13.0,68.8,65.0,41.0,0.0,0.0,510.0,113.0,1046.0,8.0,8.0,35.0,196.0,129.0,97.0,2.0,58.0,2576.0,48.6,20.0,24.0,5.0,49.0,86.0,49.0,113.0,6.0,29:47,378.0,104.0,232.0,41.0,1106.0,5740.0,6.2,41.0,416.0,1893.0,5.4,14.0,648.0,413.0,3847.0,24.0,11.0,7.0,10.1,69.4,92.8,208.0,71.0,37.0,38.0,17.0,49.7,49.0,30.0,0.0,0.0,199.0,84.0,703.0,13.0,13.0,42.0,296.0,65.0,81.0,0.0,66.0,3088.0,50.6,24.0,20.0,-4.0,68.9,0.0,64.0,16.0,8.0,25.4,20.3,7.3,67.7,0.0,-64.0,-16.0,-8.0,14.5,14.9,7.2,103.0,87.0,71.0,0.0,0.0,58.0,57.0,1.0,2.0,1.0,1.0,1.0,32.0,28.0,0.0,29.0,265.0,25.0,667.0,11.0,85.0,74.0,59.0,45.0,0.0,0.0,33.0,27.0,0.0,9.0,4.0,1.0,1.0,26.0,17.0,0.0,21.0,118.0,33.0,690.0,12.0,63.0,727.0,370.0,42.0,296.0,73.0,27.0,14.0,160.0,4.0,0.0,0.0,0.0,22.0,1.0,101.0,0.0,0.0,0.0,0.0,0.0,744.0,372.0,35.0,196.0,55.0,15.0,11.0,12.0,0.0,2.0,0.0,0.0,30.0,0.0,72.0,7.0,1.0,0.0,0.0,0.0,Ravens,16.0,477.0,691.0,201000036.0,0.0,0.0,3.0,3.0,201000036.0,AFC North,1.0,2020.0,AFC,North,Baltimore Ravens,11.0,5.0,0.0,0.6880000000000001,468.0,303.0,165.0,55.0,4.0,2.0,7.0,5.0,3.0,0.0,0.0,3.0,2.0,5.0,Baltimore Ravens,https://upload.wikimedia.org/wikipedia/en/thumb/1/16/Baltimore_Ravens_logo.svg/193px-Baltimore_Ravens_logo.svg.png
3,3,4.0,Buffalo Bills,BUF,AFC,East,1.0,2020.0,501.0,375.0,876.0,60.0,55.0,7.0,52.4,-2.5,90.0,175.0,92.0,144.0,0.0,32:45,432.0,129.0,261.0,41.0,1125.0,6901.0,7.2,65.0,447.0,1875.0,5.0,17.0,648.0,446.0,5027.0,44.0,12.0,9.2,12.3,74.9,115.8,203.0,101.0,54.1,11.0,9.0,87.0,74.0,46.0,0.0,0.0,632.0,111.0,1024.0,12.0,12.0,29.0,181.0,104.0,104.0,0.0,45.0,2265.0,55.3,24.0,28.0,5.0,49.0,97.0,101.0,128.0,0.0,28:15,382.0,136.0,217.0,29.0,1115.0,6136.0,6.5,48.0,450.0,2082.0,5.4,23.0,623.0,401.0,4054.0,25.0,16.0,7.7,11.0,70.1,92.8,208.0,83.0,43.3,21.0,12.0,63.0,63.0,41.0,0.0,0.0,298.0,94.0,792.0,12.0,12.0,41.0,239.0,84.0,84.0,0.0,69.0,3151.0,50.0,28.0,24.0,-4.0,67.2,0.0,21.0,21.0,12.0,25.2,17.1,4.3,71.3,0.0,-21.0,-21.0,-12.0,20.3,13.5,7.3,110.0,95.0,77.0,0.0,0.0,64.0,62.0,0.0,2.0,0.0,0.0,0.0,37.0,30.0,0.0,34.0,403.0,39.0,1083.0,16.0,200.0,85.0,64.0,40.0,0.0,0.0,40.0,35.0,0.0,14.0,6.0,0.0,0.0,27.0,25.0,0.0,17.0,150.0,33.0,584.0,12.0,151.0,795.0,319.0,41.0,239.0,83.0,16.0,12.0,29.0,1.0,2.0,0.0,1.0,91.0,0.0,65.0,0.0,0.0,0.0,0.0,0.0,768.0,344.0,29.0,181.0,59.0,14.0,13.0,-3.0,0.0,0.0,0.0,0.0,44.0,0.0,38.0,0.0,0.0,0.0,0.0,0.0,Bills,16.0,678.0,665.0,201000037.0,0.0,0.0,4.0,4.0,201000037.0,AFC East,1.0,2020.0,AFC,East,Buffalo Bills,13.0,3.0,0.0,0.8130000000000001,501.0,375.0,126.0,60.0,6.0,0.0,10.0,2.0,4.0,0.0,0.0,4.0,1.0,2.0,Buffalo Bills,https://upload.wikimedia.org/wikipedia/en/thumb/7/77/Buffalo_Bills_logo.svg/189px-Buffalo_Bills_logo.svg.png
4,4,5.0,Carolina Panthers,CAR,NFC,South,1.0,2020.0,350.0,402.0,752.0,63.0,49.0,9.0,52.8,4.1,89.0,107.0,58.0,96.0,0.0,31:59,364.0,120.0,209.0,36.0,1080.0,6084.0,6.6,41.0,443.0,1854.0,5.0,21.0,598.0,406.0,4230.0,17.0,17.0,8.4,11.3,73.8,93.2,212.0,83.0,42.4,29.0,16.0,60.5,62.0,32.0,0.0,0.0,387.0,103.0,818.0,6.0,6.0,39.0,262.0,99.0,78.0,0.0,49.0,2265.0,50.4,23.0,24.0,1.0,85.0,117.0,80.0,120.0,0.0,29:01,392.0,124.0,230.0,38.0,1112.0,6268.0,6.6,50.0,444.0,2106.0,5.6,18.0,636.0,433.0,4162.0,30.0,8.0,7.7,10.4,74.0,105.5,217.0,107.0,53.5,11.0,7.0,65.3,62.0,39.0,0.0,0.0,390.0,92.0,776.0,16.0,16.0,32.0,217.0,86.0,100.0,0.0,55.0,2430.0,47.7,24.0,23.0,-1.0,55.4,0.0,13.0,-22.0,-8.0,19.1,16.1,6.1,68.8,0.0,-13.0,22.0,8.0,24.6,14.7,5.6,87.0,84.0,77.0,0.0,2.0,39.0,36.0,1.0,5.0,1.0,0.0,0.0,39.0,32.0,1.0,22.0,127.0,32.0,799.0,8.0,120.0,96.0,78.0,61.0,0.0,0.9,47.0,40.0,1.0,7.0,1.0,0.0,0.0,34.0,32.0,0.0,20.0,200.0,8.0,157.0,17.0,126.0,654.0,444.0,32.0,217.0,63.0,15.0,16.0,140.0,4.0,0.0,0.0,0.0,22.0,0.0,107.0,0.0,0.0,0.0,0.0,85.0,712.0,394.0,39.0,257.0,75.0,9.0,6.0,63.0,0.0,0.0,1.0,1.0,90.0,0.0,32.0,0.0,0.0,0.0,0.0,42.0,Panthers,16.0,638.0,668.0,201000005.0,0.0,0.0,5.0,5.0,201000005.0,NFC South,1.0,2020.0,NFC,South,Carolina Panthers,5.0,11.0,0.0,0.313,350.0,402.0,-52.0,38.0,1.0,5.0,4.0,8.0,5.0,0.0,0.0,5.0,3.0,13.0,Carolina Panthers,https://upload.wikimedia.org/wikipedia/en/thumb/1/1c/Carolina_Panthers_logo.svg/100px-Carolina_Panthers_logo.svg.png
5,5,6.0,Chicago Bears,CHI,NFC,North,1.0,2020.0,372.0,370.0,742.0,55.0,44.0,9.0,48.7,2.5,72.0,122.0,48.0,130.0,0.0,30:28,364.0,101.0,237.0,26.0,1135.0,5769.0,6.0,44.0,428.0,1792.0,5.0,13.0,668.0,437.0,3977.0,28.0,17.0,7.1,10.8,71.3,92.2,223.0,77.0,37.6,30.0,18.0,66.0,60.0,34.0,0.0,0.0,307.0,96.0,845.0,7.0,7.0,39.0,294.0,99.0,86.0,1.0,70.0,3181.0,49.7,24.0,20.0,-4.0,71.0,115.0,93.0,88.0,3.0,30:03,360.0,113.0,207.0,40.0,1110.0,6005.0,6.4,45.0,477.0,1974.0,4.9,12.0,595.0,381.0,4031.0,30.0,11.0,8.0,11.5,69.6,101.3,228.0,87.0,41.5,24.0,14.0,64.3,58.0,32.0,0.0,0.0,533.0,103.0,937.0,9.0,9.0,38.0,255.0,112.0,94.0,0.0,69.0,3118.0,49.5,20.0,24.0,5.0,61.4,0.0,-13.0,-8.0,-1.0,19.6,17.0,5.5,59.5,0.0,13.0,8.0,1.0,23.8,17.2,7.1,94.0,69.0,46.0,0.0,0.0,40.0,39.0,1.0,5.0,1.0,1.0,1.0,35.0,33.0,0.0,27.0,207.0,51.0,1246.0,11.0,88.0,94.0,66.0,40.0,0.0,0.0,44.0,40.0,0.0,2.0,0.0,0.0,0.0,38.0,32.0,0.0,27.0,320.0,45.0,910.0,17.0,129.0,744.0,357.0,38.0,255.0,77.0,16.0,9.0,12.0,1.0,0.0,1.0,0.0,35.0,1.0,113.0,0.0,0.0,0.0,0.0,0.0,747.0,368.0,39.0,294.0,87.0,13.0,7.0,84.0,2.0,0.0,0.0,0.0,46.0,0.0,38.0,0.0,0.0,0.0,0.0,0.0,Bears,16.0,707.0,633.0,201000038.0,0.0,0.0,6.0,6.0,201000038.0,NFC North,1.0,2020.0,NFC,North,Chicago Bears,8.0,8.0,0.0,0.5,372.0,370.0,2.0,40.0,2.0,4.0,6.0,6.0,6.0,0.0,0.0,6.0,2.0,7.0,Chicago Bears,https://upload.wikimedia.org/wikipedia/commons/thumb/5/5c/Chicago_Bears_logo.svg/100px-Chicago_Bears_logo.svg.png
6,6,7.0,Cincinnati Bengals,CIN,AFC,North,1.0,2020.0,311.0,424.0,735.0,60.0,64.0,9.0,49.8,7.8,61.0,107.0,53.0,90.0,0.0,31:09,346.0,100.0,219.0,27.0,1132.0,5566.0,5.8,36.0,447.0,1815.0,4.9,14.0,632.0,405.0,3751.0,21.0,12.0,7.0,10.1,69.6,90.5,232.0,84.0,39.4,29.0,21.0,76.6,52.0,26.0,0.0,0.0,415.0,90.0,734.0,14.0,14.0,52.0,375.0,78.0,59.0,0.0,77.0,3645.0,51.4,26.0,18.0,-8.0,76.0,121.0,98.0,129.0,0.0,29:28,373.0,137.0,209.0,27.0,1111.0,6778.0,7.2,51.0,504.0,2580.0,6.0,14.0,589.0,370.0,4199.0,35.0,12.0,8.4,12.4,68.3,103.8,228.0,99.0,47.1,17.0,11.0,68.0,63.0,40.0,0.0,0.0,353.0,108.0,865.0,7.0,7.0,18.0,90.0,135.0,102.0,0.0,64.0,3043.0,51.6,18.0,26.0,8.0,54.4,0.0,-57.0,-44.0,-34.0,12.7,14.0,7.6,69.4,0.0,57.0,44.0,34.0,24.9,21.4,3.6,83.0,74.0,61.0,0.0,0.0,36.0,35.0,0.0,0.0,0.0,0.0,0.0,37.0,29.0,0.0,25.0,252.0,34.0,831.0,12.0,91.0,103.0,86.0,67.0,0.0,0.0,48.0,47.0,0.0,7.0,0.0,0.0,0.0,41.0,36.0,0.0,32.0,185.0,20.0,452.0,12.0,25.0,682.0,421.0,18.0,90.0,87.0,11.0,7.0,71.0,0.0,0.0,0.0,0.0,32.0,1.0,112.0,0.0,0.0,0.0,0.0,0.0,764.0,364.0,52.0,383.0,99.0,15.0,14.0,143.0,2.0,0.0,0.0,0.0,46.0,0.0,65.0,0.0,0.0,0.0,0.0,0.0,Bengals,16.0,684.0,607.0,201000007.0,0.0,0.0,7.0,7.0,201000007.0,AFC North,1.0,2020.0,AFC,North,Cincinnati Bengals,4.0,11.0,1.0,0.281,311.0,424.0,-113.0,33.0,1.0,5.0,4.0,8.0,7.0,0.0,0.0,7.0,4.0,13.0,Cincinnati Bengals,https://upload.wikimedia.org/wikipedia/commons/thumb/8/81/Cincinnati_Bengals_logo.svg/100px-Cincinnati_Bengals_logo.svg.png
7,7,8.0,Cleveland Browns,CLE,AFC,North,1.0,2020.0,408.0,419.0,827.0,57.0,53.0,12.0,51.9,-2.3,63.0,157.0,65.0,123.0,0.0,31:54,386.0,145.0,212.0,29.0,1112.0,6433.0,6.9,54.0,539.0,2583.0,5.7,23.0,545.0,343.0,3850.0,29.0,9.0,8.4,12.2,68.4,103.6,213.0,96.0,48.9,26.0,9.0,36.2,58.0,42.0,0.0,0.0,354.0,109.0,947.0,9.0,9.0,28.0,176.0,86.0,86.0,2.0,55.0,2441.0,47.9,17.0,23.0,6.0,78.0,100.0,93.0,148.0,0.0,29:06,383.0,126.0,233.0,24.0,1126.0,6240.0,6.5,54.0,448.0,1929.0,5.1,17.0,636.0,404.0,4311.0,34.0,12.0,8.0,11.6,69.0,101.2,223.0,98.0,47.8,29.0,24.0,88.7,66.0,40.0,0.0,0.0,456.0,91.0,751.0,11.0,11.0,41.0,285.0,63.0,85.0,1.0,54.0,2362.0,47.2,23.0,17.0,-5.0,80.1,0.0,23.0,1.0,13.0,20.9,13.8,4.9,66.0,0.0,-23.0,-1.0,-13.0,17.2,12.0,7.2,91.0,70.0,49.0,0.0,0.0,52.0,47.0,0.0,2.0,1.0,1.0,1.0,26.0,21.0,1.0,26.0,125.0,39.0,865.0,12.0,233.0,98.0,75.0,51.0,0.0,0.0,45.0,41.0,2.0,11.0,1.0,5.0,5.0,29.0,25.0,1.0,27.0,249.0,41.0,1086.0,9.0,138.0,746.0,356.0,41.0,285.0,81.0,17.0,11.0,-4.0,0.0,2.0,1.0,0.0,14.0,0.0,47.0,0.0,0.0,0.0,0.0,0.0,709.0,437.0,28.0,178.0,57.0,17.0,9.0,69.0,1.0,1.0,1.0,0.0,29.0,1.0,110.0,0.0,0.0,0.0,0.0,0.0,Browns,16.0,573.0,678.0,201000008.0,0.0,0.0,8.0,8.0,201000008.0,AFC North,1.0,2020.0,AFC,North,Cleveland Browns,11.0,5.0,0.0,0.6880000000000001,408.0,419.0,-11.0,50.0,3.0,3.0,7.0,5.0,8.0,0.0,0.0,8.0,3.0,6.0,Cleveland Browns,https://upload.wikimedia.org/wikipedia/en/thumb/d/d9/Cleveland_Browns_logo.svg/100px-Cleveland_Browns_logo.svg.png
8,8,9.0,Dallas Cowboys,DAL,NFC,East,1.0,2020.0,395.0,473.0,868.0,62.0,61.0,9.0,53.2,2.2,77.0,130.0,67.0,121.0,0.0,28:22,404.0,125.0,251.0,27.0,1211.0,6473.0,6.3,46.0,468.0,1945.0,5.0,15.0,695.0,449.0,4527.0,27.0,14.0,7.7,11.0,70.3,95.4,234.0,95.0,44.1,34.0,18.0,59.6,59.0,29.0,0.0,0.0,540.0,104.0,924.0,14.0,14.0,48.0,380.0,86.0,75.0,0.0,54.0,2448.0,49.0,28.0,25.0,-3.0,121.0,153.0,69.0,130.0,0.0,32:38,391.0,154.0,196.0,40.0,1147.0,6727.0,7.0,62.0,555.0,2765.0,5.9,22.0,558.0,357.0,3962.0,37.0,11.0,8.4,12.1,69.5,107.6,227.0,107.0,51.0,23.0,11.0,51.8,60.0,37.0,0.0,0.0,330.0,99.0,798.0,14.0,14.0,34.0,194.0,110.0,107.0,4.0,59.0,2678.0,49.6,25.0,28.0,4.0,54.4,0.0,-24.0,-32.0,-14.0,14.7,15.8,6.4,67.2,0.0,24.0,32.0,14.0,24.8,16.1,6.7,100.0,85.0,65.0,0.0,-0.30000000000000004,39.0,36.0,2.0,6.0,1.0,4.0,4.0,45.0,37.0,0.0,32.0,288.0,40.0,1050.0,11.0,112.0,102.0,82.0,62.0,0.0,-0.2,52.0,49.0,1.0,14.0,4.0,1.0,1.0,29.0,26.0,0.0,16.0,144.0,32.0,659.0,14.0,106.0,713.0,422.0,34.0,194.0,50.0,18.0,14.0,139.0,2.0,0.0,0.0,0.0,79.0,1.0,73.0,0.0,0.0,0.0,0.0,-16.0,807.0,372.0,48.0,376.0,77.0,14.0,14.0,81.0,1.0,2.0,0.0,0.0,24.0,0.0,35.0,0.0,0.0,0.0,0.0,-10.0,Cowboys,16.0,743.0,592.0,201000048.0,0.0,0.0,9.0,9.0,201000048.0,NFC East,1.0,2020.0,NFC,East,Dallas Cowboys,6.0,10.0,0.0,0.375,395.0,473.0,-78.0,42.0,2.0,4.0,5.0,7.0,9.0,0.0,0.0,9.0,3.0,12.0,Dallas Cowboys,https://upload.wikimedia.org/wikipedia/commons/thumb/1/15/Dallas_Cowboys.svg/100px-Dallas_Cowboys.svg.png
9,9,10.0,Denver Broncos,DEN,AFC,West,1.0,2020.0,323.0,446.0,769.0,53.0,49.0,6.0,49.3,6.6,54.0,75.0,71.0,123.0,0.0,29:59,335.0,102.0,191.0,41.0,1121.0,5841.0,6.2,38.0,481.0,2087.0,5.1,14.0,605.0,345.0,3755.0,23.0,25.0,7.3,11.9,62.0,77.0,231.0,89.0,42.1,16.0,5.0,29.0,49.0,26.0,0.0,0.0,459.0,88.0,729.0,11.0,11.0,35.0,242.0,104.0,83.0,0.0,71.0,3308.0,50.9,35.0,17.0,-17.0,74.0,151.0,78.0,143.0,0.0,31:01,362.0,115.0,219.0,28.0,1135.0,6405.0,6.6,51.0,472.0,2263.0,5.7,24.0,617.0,407.0,4142.0,23.0,11.0,7.9,11.1,71.8,97.9,238.0,96.0,43.7,15.0,8.0,54.4,66.0,32.0,0.0,0.0,734.0,115.0,1036.0,7.0,7.0,46.0,307.0,112.0,91.0,2.0,69.0,3078.0,48.9,17.0,35.0,17.0,58.0,0.0,-8.0,-9.0,11.0,19.0,17.2,5.4,51.7,0.0,8.0,9.0,-11.0,20.7,19.0,8.2,82.0,71.0,59.0,0.0,0.0,33.0,27.0,0.0,11.0,2.0,0.0,0.0,38.0,30.0,2.0,22.0,290.0,29.0,606.0,11.0,141.0,109.0,96.0,79.0,0.0,0.0,48.0,45.0,1.0,6.0,1.0,0.0,0.0,46.0,42.0,1.0,30.0,246.0,23.0,682.0,25.0,366.0,776.0,331.0,46.0,307.0,70.0,13.0,7.0,27.0,0.0,0.0,1.0,1.0,90.0,0.0,34.0,0.0,0.0,0.0,0.0,0.0,704.0,343.0,35.0,242.0,88.0,12.0,11.0,123.0,1.0,2.0,2.0,0.0,33.0,1.0,111.0,0.0,0.0,0.0,0.0,0.0,Broncos,16.0,640.0,663.0,201000049.0,0.0,0.0,10.0,10.0,201000049.0,AFC West,1.0,2020.0,AFC,West,Denver Broncos,5.0,11.0,0.0,0.313,323.0,446.0,-123.0,35.0,1.0,5.0,4.0,8.0,10.0,0.0,0.0,10.0,4.0,12.0,Denver Broncos,https://upload.wikimedia.org/wikipedia/en/thumb/4/44/Denver_Broncos_logo.svg/100px-Denver_Broncos_logo.svg.png
10,10,11.0,Detroit Lions,DET,NFC,North,1.0,2020.0,377.0,519.0,896.0,59.0,53.0,9.0,55.4,3.7,95.0,96.0,77.0,109.0,0.0,28:46,381.0,101.0,239.0,40.0,1078.0,6096.0,6.7,49.0,399.0,1631.0,4.9,18.0,633.0,407.0,4465.0,29.0,14.0,8.4,12.0,70.0,99.2,209.0,86.0,44.7,22.0,11.0,54.4,58.0,38.0,0.0,0.0,310.0,103.0,936.0,9.0,9.0,46.0,319.0,65.0,83.0,1.0,64.0,3152.0,53.4,23.0,13.0,-10.0,109.0,161.0,98.0,151.0,0.0,32:06,452.0,138.0,275.0,38.0,1162.0,7307.0,7.5,74.0,530.0,2348.0,5.2,29.0,606.0,417.0,4959.0,41.0,8.0,9.7,12.9,74.9,120.8,210.0,99.0,51.4,20.0,12.0,66.5,71.0,51.0,0.0,0.0,232.0,112.0,867.0,6.0,6.0,26.0,212.0,106.0,86.0,0.0,51.0,2248.0,47.9,13.0,23.0,11.0,71.8,0.0,-40.0,-3.0,-20.0,17.0,11.2,6.7,78.7,0.0,40.0,4.0,20.0,23.4,16.9,4.9,85.0,58.0,28.0,0.0,0.0,45.0,41.0,0.0,9.0,2.0,0.0,0.0,30.0,23.0,0.0,18.0,236.0,37.0,919.0,8.0,71.0,109.0,91.0,71.0,0.0,0.0,67.0,58.0,1.0,7.0,2.0,4.0,4.0,22.0,17.0,0.0,23.0,126.0,53.0,1141.0,14.0,104.0,788.0,382.0,26.0,212.0,57.0,16.0,6.0,4.0,0.0,0.0,2.0,1.0,81.0,0.0,77.0,0.0,0.0,0.0,0.0,0.0,715.0,323.0,46.0,319.0,75.0,11.0,9.0,1.0,0.0,4.0,0.0,0.0,24.0,0.0,50.0,0.0,0.0,0.0,0.0,0.0,Lions,16.0,679.0,632.0,201000011.0,0.0,0.0,11.0,11.0,201000011.0,NFC North,1.0,2020.0,NFC,North,Detroit Lions,5.0,11.0,0.0,0.313,377.0,519.0,-142.0,45.0,1.0,5.0,4.0,8.0,11.0,0.0,0.0,11.0,4.0,14.0,Detroit Lions,https://upload.wikimedia.org/wikipedia/en/thumb/7/71/Detroit_Lions_logo.svg/100px-Detroit_Lions_logo.svg.png
11,11,12.0,Green Bay Packers,GB,NFC,North,1.0,2020.0,509.0,369.0,878.0,51.0,49.0,11.0,55.3,-5.2,80.0,219.0,103.0,107.0,0.0,33:35,390.0,124.0,235.0,30.0,1077.0,6772.0,7.5,72.0,482.0,2304.0,5.7,17.0,572.0,405.0,4467.0,52.0,6.0,9.2,12.0,76.9,130.6,196.0,97.0,53.7,23.0,14.0,67.3,65.0,52.0,0.0,0.0,232.0,91.0,744.0,7.0,7.0,23.0,210.0,89.0,79.0,1.0,50.0,2276.0,49.5,12.0,20.0,8.0,71.0,92.0,82.0,121.0,3.0,28:36,361.0,129.0,200.0,32.0,1060.0,5814.0,6.5,46.0,432.0,1964.0,5.3,17.0,583.0,376.0,3850.0,25.0,12.0,7.8,11.1,70.3,97.0,201.0,79.0,43.0,26.0,15.0,63.4,57.0,33.0,0.0,0.0,418.0,86.0,799.0,8.0,8.0,45.0,276.0,54.0,62.0,0.0,61.0,2727.0,48.7,20.0,12.0,-8.0,87.0,0.0,35.0,17.0,22.0,20.0,15.4,3.8,62.8,0.0,-35.0,-17.0,-22.0,14.0,10.8,8.4,107.0,81.0,57.0,0.0,-0.30000000000000004,69.0,64.0,0.0,1.0,0.0,2.0,2.0,17.0,17.0,0.0,12.0,58.0,36.0,678.0,12.0,107.0,89.0,70.0,47.0,0.0,0.0,40.0,38.0,0.0,5.0,2.0,4.0,4.0,29.0,26.0,0.0,18.0,317.0,49.0,1184.0,6.0,79.0,727.0,347.0,45.0,276.0,81.0,13.0,8.0,67.0,1.0,1.0,0.0,0.0,12.0,0.0,37.0,0.0,0.0,0.0,0.0,-14.0,726.0,341.0,23.0,210.0,39.0,9.0,7.0,22.0,0.0,1.0,1.0,2.0,99.0,0.0,77.0,0.0,0.0,0.0,0.0,0.0,Packers,16.0,595.0,628.0,201000012.0,0.0,0.0,12.0,12.0,201000012.0,NFC North,1.0,2020.0,NFC,North,Green Bay Packers,13.0,3.0,0.0,0.8130000000000001,509.0,369.0,140.0,66.0,5.0,1.0,10.0,2.0,12.0,0.0,0.0,12.0,1.0,1.0,Green Bay Packers,https://upload.wikimedia.org/wikipedia/commons/thumb/5/50/Green_Bay_Packers_logo.svg/100px-Green_Bay_Packers_logo.svg.png
12,12,13.0,Houston Texans,HOU,AFC,South,1.0,2020.0,384.0,464.0,848.0,69.0,62.0,9.0,55.1,1.8,60.0,124.0,82.0,118.0,0.0,27:18,355.0,90.0,242.0,23.0,1023.0,6532.0,7.6,48.0,374.0,1595.0,5.1,11.0,594.0,417.0,4937.0,36.0,8.0,9.8,12.8,76.3,119.6,210.0,90.0,46.8,17.0,11.0,61.1,54.0,29.0,0.0,0.0,193.0,87.0,673.0,12.0,12.0,54.0,332.0,86.0,83.0,0.0,60.0,2754.0,50.0,20.0,11.0,-10.0,103.0,155.0,74.0,126.0,6.0,33:55,424.0,158.0,242.0,25.0,1162.0,7255.0,7.3,60.0,536.0,2790.0,6.2,26.0,589.0,410.0,4465.0,33.0,4.0,9.0,11.9,75.8,117.4,220.0,104.0,51.7,23.0,12.0,57.0,69.0,44.0,0.0,0.0,268.0,83.0,738.0,7.0,7.0,37.0,240.0,116.0,86.0,2.0,54.0,2486.0,49.7,11.0,20.0,11.0,58.8,0.0,-30.0,-3.0,-17.0,16.8,14.9,8.4,69.1,0.0,30.0,4.0,17.0,25.0,19.6,7.0,95.0,77.0,57.0,0.0,0.0,44.0,40.0,0.0,9.0,1.0,0.0,0.0,34.0,29.0,0.0,22.0,172.0,39.0,786.0,4.0,21.0,100.0,78.0,58.0,0.0,0.0,54.0,53.0,0.0,9.0,4.0,0.0,0.0,34.0,27.0,1.0,21.0,139.0,37.0,767.0,8.0,115.0,801.0,403.0,36.0,236.0,54.0,11.0,9.0,0.0,0.0,1.0,2.0,0.0,21.0,0.0,32.0,0.0,0.0,0.0,0.0,0.0,724.0,295.0,54.0,332.0,54.0,16.0,12.0,13.0,1.0,0.0,0.0,0.0,17.0,0.0,44.0,0.0,0.0,0.0,0.0,0.0,Texans,16.0,648.0,626.0,201000013.0,0.0,0.0,13.0,13.0,201000013.0,AFC South,1.0,2020.0,AFC,South,Houston Texans,4.0,12.0,0.0,0.25,384.0,464.0,-80.0,44.0,2.0,4.0,3.0,9.0,13.0,0.0,0.0,13.0,3.0,14.0,Houston Texans,https://upload.wikimedia.org/wikipedia/en/thumb/2/28/Houston_Texans_logo.svg/100px-Houston_Texans_logo.svg.png
13,13,14.0,Indianapolis Colts,IND,AFC,South,1.0,2020.0,451.0,362.0,813.0,57.0,44.0,8.0,52.3,-4.9,107.0,156.0,68.0,117.0,3.0,31:06,396.0,140.0,219.0,37.0,1123.0,6581.0,7.0,55.0,499.0,2172.0,5.1,22.0,601.0,404.0,4410.0,26.0,12.0,8.6,11.9,73.1,103.2,214.0,85.0,43.1,28.0,17.0,66.9,65.0,38.0,0.0,0.0,685.0,102.0,978.0,5.0,5.0,23.0,145.0,88.0,96.0,4.0,52.0,2411.0,50.3,16.0,27.0,11.0,86.0,137.0,53.0,86.0,0.0,29:04,358.0,102.0,221.0,35.0,1079.0,5782.0,6.4,47.0,424.0,1575.0,4.4,17.0,611.0,401.0,4206.0,26.0,16.0,8.2,11.4,71.5,96.4,221.0,94.0,46.1,15.0,7.0,46.7,57.0,35.0,0.0,0.0,397.0,94.0,821.0,11.0,11.0,44.0,284.0,62.0,77.0,1.0,69.0,3081.0,49.0,27.0,16.0,-11.0,63.4,0.0,26.0,18.0,21.0,24.6,14.7,3.7,66.9,0.0,-26.0,-18.0,-21.0,16.9,10.8,7.8,106.0,77.0,50.0,0.0,0.0,49.0,47.0,0.0,6.0,1.0,2.0,2.0,40.0,35.0,0.0,34.0,339.0,47.0,1209.0,16.0,289.0,87.0,60.0,38.0,1.0,0.0,45.0,45.0,0.0,0.0,0.0,2.0,2.0,25.0,21.0,0.0,25.0,193.0,55.0,1183.0,12.0,119.0,809.0,281.0,44.0,284.0,84.0,15.0,12.0,44.0,0.0,5.0,1.0,0.0,28.0,1.0,110.0,13.0,2.0,0.0,0.0,-2.0,827.0,366.0,23.0,145.0,71.0,8.0,5.0,86.0,1.0,1.0,1.0,0.0,18.0,1.0,46.0,0.0,0.0,0.0,0.0,0.0,Colts,16.0,623.0,655.0,201000014.0,0.0,0.0,14.0,14.0,201000014.0,AFC South,1.0,2020.0,AFC,South,Indianapolis Colts,11.0,5.0,0.0,0.6880000000000001,451.0,362.0,89.0,51.0,4.0,2.0,7.0,5.0,14.0,0.0,0.0,14.0,2.0,7.0,Indianapolis Colts,https://upload.wikimedia.org/wikipedia/commons/thumb/0/00/Indianapolis_Colts_logo.svg/100px-Indianapolis_Colts_logo.svg.png
14,14,15.0,Jacksonville Jaguars,JAX,AFC,South,1.0,2020.0,306.0,492.0,798.0,65.0,70.0,8.0,53.3,9.1,45.0,94.0,76.0,91.0,0.0,28:51,337.0,87.0,223.0,27.0,1085.0,5677.0,6.2,40.0,367.0,1653.0,5.3,11.0,670.0,421.0,4025.0,27.0,17.0,7.1,10.4,68.3,89.4,225.0,91.0,44.2,28.0,8.0,29.3,49.0,29.0,0.0,0.0,469.0,116.0,1165.0,11.0,11.0,48.0,279.0,84.0,72.0,0.0,71.0,3319.0,51.0,27.0,18.0,-9.0,104.0,164.0,125.0,96.0,3.0,33:39,429.0,152.0,228.0,48.0,1162.0,7271.0,7.5,62.0,562.0,2668.0,5.6,25.0,580.0,403.0,4603.0,37.0,13.0,9.4,12.4,75.5,114.1,215.0,94.0,47.2,20.0,13.0,72.6,69.0,44.0,0.0,0.0,397.0,85.0,772.0,6.0,6.0,20.0,99.0,97.0,83.0,2.0,52.0,2274.0,47.3,18.0,27.0,9.0,65.3,0.0,-13.0,-11.0,-28.0,13.9,15.2,6.7,69.1,0.0,13.0,11.0,28.0,24.6,14.7,3.9,79.0,64.0,46.0,0.0,0.0,30.0,26.0,0.0,17.0,2.0,1.0,1.0,27.0,20.0,1.0,20.0,223.0,33.0,668.0,13.0,218.0,109.0,91.0,76.0,0.0,0.0,60.0,55.0,0.0,4.0,1.0,0.0,0.0,42.0,34.0,0.0,28.0,213.0,27.0,510.0,17.0,157.0,782.0,386.0,20.0,99.0,65.0,13.0,6.0,11.0,0.0,1.0,1.0,1.0,99.0,0.0,44.0,17.0,1.0,0.0,0.0,0.0,685.0,367.0,47.0,274.0,84.0,12.0,11.0,27.0,0.0,0.0,1.0,0.0,22.0,0.0,47.0,0.0,0.0,0.0,0.0,0.0,Jaguars,16.0,718.0,599.0,201000052.0,0.0,0.0,15.0,15.0,201000052.0,AFC South,1.0,2020.0,AFC,South,Jacksonville Jaguars,1.0,15.0,0.0,0.063,306.0,492.0,-186.0,37.0,1.0,5.0,1.0,11.0,15.0,0.0,0.0,15.0,4.0,16.0,Jacksonville Jaguars,https://upload.wikimedia.org/wikipedia/en/thumb/7/74/Jacksonville_Jaguars_logo.svg/100px-Jacksonville_Jaguars_logo.svg.png
15,15,16.0,Kansas City Chiefs,KC,AFC,West,1.0,2020.0,473.0,362.0,835.0,58.0,59.0,9.0,56.0,-7.9,94.0,149.0,91.0,136.0,3.0,31:31,432.0,120.0,277.0,35.0,1150.0,7238.0,7.5,62.0,438.0,1957.0,5.3,14.0,685.0,457.0,5281.0,44.0,8.0,9.1,12.6,72.6,115.6,211.0,103.0,53.3,17.0,11.0,61.1,64.0,39.0,0.0,0.0,484.0,114.0,1000.0,11.0,11.0,26.0,164.0,109.0,62.0,2.0,57.0,2545.0,49.0,17.0,24.0,7.0,70.0,117.0,28.0,147.0,0.0,30:59,384.0,123.0,220.0,41.0,1112.0,6238.0,6.6,48.0,471.0,2126.0,5.3,15.0,606.0,380.0,4112.0,32.0,17.0,8.0,11.8,68.2,95.7,205.0,84.0,44.6,22.0,14.0,70.7,51.0,39.0,0.0,0.0,279.0,106.0,827.0,7.0,7.0,35.0,206.0,95.0,71.0,1.0,62.0,2880.0,50.5,24.0,17.0,-7.0,66.4,0.0,14.0,-9.0,9.0,14.4,18.5,3.7,83.3,0.0,-14.0,9.0,-9.0,17.5,14.5,6.4,106.0,91.0,78.0,0.0,0.0,59.0,52.0,1.0,7.0,4.0,0.0,0.0,29.0,27.0,0.0,30.0,177.0,27.0,703.0,17.0,282.0,85.0,67.0,57.0,0.0,0.0,44.0,41.0,0.0,8.0,1.0,0.0,0.0,28.0,20.0,0.0,16.0,129.0,25.0,597.0,8.0,147.0,716.0,320.0,35.0,205.0,70.0,13.0,8.0,25.0,0.0,2.0,1.0,1.0,73.0,1.0,111.0,0.0,0.0,0.0,0.0,0.0,746.0,339.0,25.0,163.0,62.0,12.0,11.0,2.0,0.0,0.0,0.0,0.0,26.0,1.0,101.0,0.0,0.0,0.0,0.0,0.0,Chiefs,16.0,712.0,641.0,201000055.0,0.0,0.0,16.0,16.0,201000055.0,AFC West,1.0,2020.0,AFC,West,Kansas City Chiefs,14.0,2.0,0.0,0.875,473.0,362.0,111.0,57.0,4.0,2.0,10.0,2.0,16.0,0.0,0.0,16.0,1.0,1.0,Kansas City Chiefs,https://upload.wikimedia.org/wikipedia/en/thumb/e/e1/Kansas_City_Chiefs_logo.svg/100px-Kansas_City_Chiefs_logo.svg.png
16,16,17.0,Miami Dolphins,MIA,AFC,East,1.0,2020.0,404.0,338.0,742.0,74.0,70.0,9.0,50.8,0.7000000000000001,103.0,111.0,57.0,133.0,0.0,31:17,375.0,109.0,225.0,41.0,1111.0,5901.0,6.3,46.0,466.0,1837.0,4.6,16.0,608.0,403.0,4065.0,26.0,14.0,7.9,11.0,72.0,97.6,220.0,85.0,42.0,11.0,9.0,87.0,65.0,38.0,0.0,0.0,693.0,81.0,691.0,8.0,8.0,37.0,219.0,108.0,97.0,0.0,74.0,3308.0,48.6,22.0,32.0,11.0,55.0,118.0,74.0,91.0,0.0,29:43,366.0,123.0,210.0,33.0,1086.0,6404.0,7.0,45.0,448.0,2026.0,5.3,18.0,593.0,373.0,4378.0,23.0,20.0,8.8,12.7,68.4,91.8,202.0,63.0,33.9,28.0,13.0,50.3,51.0,29.0,0.0,0.0,555.0,92.0,876.0,12.0,12.0,45.0,380.0,90.0,86.0,1.0,71.0,3303.0,50.8,32.0,22.0,-10.0,63.4,0.0,17.0,11.0,8.0,23.5,18.4,5.7,62.5,0.0,-17.0,-11.0,-8.0,20.1,15.2,8.3,100.0,85.0,70.0,0.0,0.0,39.0,39.0,0.0,11.0,4.0,1.0,1.0,42.0,39.0,0.0,35.0,385.0,13.0,234.0,20.0,159.0,79.0,74.0,65.0,0.0,0.0,45.0,42.0,0.0,0.0,0.0,0.0,0.0,25.0,18.0,0.0,26.0,323.0,26.0,409.0,14.0,125.0,706.0,373.0,45.0,385.0,83.0,18.0,11.0,149.0,2.0,0.0,1.0,1.0,96.0,0.0,49.0,0.0,0.0,0.0,0.0,0.0,770.0,332.0,37.0,218.0,82.0,11.0,8.0,107.0,0.0,1.0,0.0,2.0,91.0,0.0,38.0,0.0,0.0,0.0,0.0,0.0,Dolphins,16.0,645.0,638.0,201000064.0,0.0,0.0,19.0,19.0,201000064.0,AFC East,1.0,2020.0,AFC,East,Miami Dolphins,10.0,6.0,0.0,0.625,404.0,338.0,66.0,42.0,3.0,3.0,7.0,5.0,19.0,0.0,0.0,19.0,2.0,8.0,Miami Dolphins,https://upload.wikimedia.org/wikipedia/en/thumb/3/37/Miami_Dolphins_logo.svg/100px-Miami_Dolphins_logo.svg.png
17,17,18.0,Minnesota Vikings,MIN,NFC,North,1.0,2020.0,430.0,475.0,905.0,53.0,47.0,11.0,54.4,-0.2,93.0,82.0,115.0,137.0,3.0,30:02,417.0,151.0,231.0,35.0,1113.0,6846.0,7.3,60.0,509.0,2484.0,5.8,22.0,561.0,380.0,4362.0,38.0,14.0,9.2,12.5,73.5,112.0,197.0,81.0,44.5,25.0,14.0,61.5,64.0,46.0,0.0,0.0,153.0,89.0,707.0,11.0,11.0,42.0,279.0,76.0,69.0,1.0,59.0,2649.0,49.1,25.0,24.0,-1.0,74.0,137.0,128.0,136.0,0.0,30:21,398.0,148.0,226.0,24.0,1127.0,6846.0,7.2,58.0,514.0,2340.0,5.4,21.0,589.0,390.0,4505.0,33.0,16.0,9.1,12.6,72.0,104.5,201.0,79.0,43.0,26.0,18.0,77.0,63.0,37.0,0.0,0.0,641.0,90.0,787.0,8.0,8.0,25.0,137.0,132.0,71.0,2.0,46.0,2099.0,49.9,24.0,25.0,1.0,77.5,0.0,-55.0,-2.0,-17.0,14.5,13.5,7.0,63.8,0.0,55.0,2.0,17.0,15.1,23.7,4.9,92.0,74.0,58.0,0.0,0.0,47.0,40.0,0.0,18.0,6.0,4.0,4.0,24.0,16.0,0.0,17.0,75.0,36.0,786.0,16.0,71.0,114.0,97.0,77.0,0.0,0.0,50.0,46.0,1.0,11.0,1.0,2.0,2.0,42.0,38.0,1.0,36.0,349.0,29.0,729.0,14.0,193.0,733.0,435.0,25.0,137.0,61.0,12.0,8.0,8.0,0.0,0.0,1.0,0.0,14.0,0.0,41.0,0.0,0.0,0.0,0.0,0.0,718.0,441.0,42.0,279.0,72.0,20.0,12.0,99.0,2.0,1.0,1.0,0.0,35.0,1.0,113.0,0.0,0.0,0.0,0.0,0.0,Vikings,16.0,604.0,614.0,201000067.0,0.0,0.0,20.0,20.0,201000067.0,NFC North,1.0,2020.0,NFC,North,Minnesota Vikings,7.0,9.0,0.0,0.43799999999999994,430.0,475.0,-45.0,55.0,4.0,2.0,5.0,7.0,20.0,0.0,0.0,20.0,3.0,9.0,Minnesota Vikings,https://upload.wikimedia.org/wikipedia/en/thumb/4/48/Minnesota_Vikings_logo.svg/98px-Minnesota_Vikings_logo.svg.png
18,18,19.0,New England Patriots,NE,AFC,East,1.0,2020.0,326.0,353.0,679.0,59.0,57.0,7.0,48.7,0.1,38.0,104.0,82.0,102.0,0.0,29:58,361.0,156.0,171.0,35.0,1065.0,5697.0,6.3,39.0,546.0,2552.0,5.6,22.0,479.0,308.0,3144.0,13.0,15.0,7.8,11.1,70.0,85.8,202.0,83.0,44.5,18.0,11.0,57.6,52.0,28.0,0.0,0.0,613.0,67.0,581.0,6.0,6.0,40.0,255.0,74.0,64.0,0.0,60.0,2914.0,53.0,21.0,24.0,4.0,69.0,115.0,86.0,83.0,0.0,31:02,369.0,143.0,203.0,23.0,1068.0,6158.0,6.9,45.0,505.0,2288.0,5.3,18.0,537.0,362.0,3870.0,24.0,20.0,8.5,11.6,73.3,95.7,202.0,83.0,44.5,17.0,11.0,61.1,53.0,35.0,0.0,0.0,369.0,89.0,695.0,5.0,5.0,26.0,180.0,86.0,95.0,0.0,57.0,2600.0,50.0,24.0,21.0,-3.0,59.0,0.0,-12.0,-30.0,-14.0,13.8,14.3,7.8,71.0,0.0,12.0,30.0,14.0,18.8,18.1,5.4,82.0,64.0,46.0,0.0,-0.1,36.0,33.0,0.0,5.0,1.0,0.0,0.0,30.0,28.0,0.0,25.0,388.0,34.0,780.0,20.0,176.0,86.0,70.0,50.0,0.0,-1.3,42.0,40.0,0.0,2.0,1.0,1.0,1.0,29.0,24.0,1.0,13.0,77.0,35.0,740.0,15.0,279.0,757.0,380.0,26.0,182.0,57.0,6.0,5.0,0.0,1.0,1.0,1.0,1.0,76.0,0.0,58.0,48.0,1.0,0.0,0.0,-9.0,802.0,311.0,40.0,255.0,57.0,16.0,5.0,13.0,0.0,2.0,0.0,0.0,22.0,0.0,53.0,0.0,0.0,0.0,0.0,-65.0,Patriots,16.0,519.0,564.0,201000021.0,0.0,0.0,21.0,21.0,201000021.0,AFC East,1.0,2020.0,AFC,East,New England Patriots,7.0,9.0,0.0,0.43799999999999994,326.0,353.0,-27.0,36.0,3.0,3.0,6.0,6.0,21.0,0.0,0.0,21.0,3.0,10.0,New England Patriots,https://upload.wikimedia.org/wikipedia/en/thumb/b/b9/New_England_Patriots_logo.svg/100px-New_England_Patriots_logo.svg.png
19,19,20.0,New Orleans Saints,NO,NFC,South,1.0,2020.0,482.0,337.0,819.0,65.0,60.0,11.0,52.0,-5.5,82.0,176.0,94.0,124.0,6.0,32:11,399.0,160.0,217.0,23.0,1137.0,6555.0,6.9,64.0,537.0,2466.0,5.4,33.0,568.0,403.0,4089.0,30.0,9.0,8.5,11.1,77.1,111.7,226.0,101.0,48.6,17.0,12.0,74.9,74.0,53.0,0.0,0.0,670.0,107.0,1093.0,11.0,11.0,32.0,203.0,123.0,103.0,0.0,67.0,2909.0,46.9,18.0,28.0,11.0,70.0,111.0,68.0,88.0,0.0,29:42,348.0,92.0,201.0,54.0,1079.0,5412.0,5.9,42.0,424.0,1634.0,4.6,12.0,606.0,362.0,3778.0,30.0,20.0,7.3,11.3,65.1,88.3,225.0,86.0,41.6,33.0,17.0,58.0,54.0,37.0,0.0,0.0,188.0,70.0,562.0,9.0,9.0,49.0,312.0,85.0,82.0,1.0,72.0,3338.0,50.6,28.0,18.0,-10.0,78.4,0.0,38.0,22.0,17.0,26.5,20.5,5.3,74.0,0.0,-38.0,-22.0,-17.0,16.5,15.4,8.9,103.0,91.0,77.0,0.0,0.0,63.0,62.0,0.0,2.0,0.0,0.0,0.0,30.0,25.0,0.0,42.0,434.0,33.0,828.0,20.0,213.0,85.0,64.0,49.0,0.0,0.0,38.0,36.0,0.0,9.0,2.0,0.0,0.0,28.0,24.0,1.0,22.0,50.0,24.0,412.0,9.0,104.0,679.0,304.0,48.0,312.0,91.0,8.0,9.0,23.0,0.0,1.0,1.0,0.0,46.0,0.0,82.0,0.0,0.0,0.0,0.0,0.0,772.0,425.0,32.0,203.0,55.0,24.0,11.0,34.0,0.0,0.0,0.0,0.0,13.0,0.0,35.0,0.0,0.0,0.0,0.0,0.0,Saints,16.0,599.0,655.0,201000069.0,0.0,0.0,22.0,22.0,201000069.0,NFC South,1.0,2020.0,NFC,South,New Orleans Saints,12.0,4.0,0.0,0.75,482.0,337.0,145.0,59.0,6.0,0.0,10.0,2.0,22.0,0.0,0.0,22.0,1.0,2.0,New Orleans Saints,https://upload.wikimedia.org/wikipedia/commons/thumb/5/50/New_Orleans_Saints_logo.svg/98px-New_Orleans_Saints_logo.svg.png
20,20,21.0,NY Giants,NYG,NFC,East,1.0,2020.0,280.0,357.0,637.0,61.0,55.0,9.0,49.2,6.2,74.0,72.0,56.0,78.0,0.0,29:42,323.0,99.0,194.0,30.0,1051.0,5216.0,5.9,29.0,434.0,1924.0,5.2,14.0,562.0,349.0,3292.0,13.0,12.0,7.0,10.2,67.6,83.9,215.0,78.0,39.6,24.0,15.0,69.2,45.0,21.0,0.0,0.0,405.0,88.0,690.0,12.0,12.0,54.0,337.0,116.0,97.0,0.0,71.0,3167.0,48.7,24.0,24.0,0.0,72.0,113.0,58.0,114.0,0.0,31:18,384.0,125.0,234.0,25.0,1138.0,6081.0,6.3,41.0,470.0,1939.0,4.9,15.0,625.0,422.0,4142.0,24.0,12.0,7.8,10.7,73.5,98.8,222.0,99.0,48.5,20.0,12.0,66.5,64.0,33.0,0.0,0.0,404.0,96.0,741.0,12.0,12.0,44.0,350.0,129.0,110.0,1.0,60.0,2817.0,51.2,24.0,24.0,0.0,50.4,0.0,-13.0,-13.0,-11.0,22.4,18.9,8.8,55.3,0.0,13.0,13.0,11.0,27.5,22.8,7.7,81.0,58.0,33.0,0.0,4.6,25.0,23.0,0.0,9.0,2.0,0.0,0.0,35.0,34.0,0.0,22.0,248.0,39.0,857.0,12.0,110.0,90.0,71.0,49.0,0.0,5.1,34.0,32.0,0.0,11.0,0.0,1.0,1.0,39.0,35.0,0.0,27.0,252.0,45.0,990.0,12.0,57.0,763.0,440.0,42.0,346.0,82.0,12.0,12.0,47.0,1.0,1.0,0.0,0.0,22.0,0.0,52.0,0.0,0.0,0.0,0.0,274.0,697.0,353.0,53.0,325.0,78.0,17.0,12.0,95.0,1.0,0.0,1.0,0.0,32.0,1.0,112.0,0.0,0.0,0.0,0.0,257.0,Giants,16.0,617.0,668.0,201000075.0,0.0,0.0,23.0,23.0,201000075.0,NFC East,1.0,2020.0,NFC,East,New York Giants,6.0,10.0,0.0,0.375,280.0,357.0,-77.0,27.0,4.0,2.0,5.0,7.0,23.0,0.0,0.0,23.0,2.0,11.0,New York Giants,https://upload.wikimedia.org/wikipedia/commons/thumb/6/60/New_York_Giants_logo.svg/100px-New_York_Giants_logo.svg.png
21,21,22.0,NY Jets,NYJ,AFC,East,1.0,2020.0,243.0,457.0,700.0,61.0,70.0,8.0,48.9,10.8,59.0,67.0,64.0,53.0,0.0,28:54,293.0,102.0,159.0,32.0,1031.0,4873.0,5.6,28.0,442.0,1831.0,4.9,11.0,543.0,318.0,3042.0,17.0,15.0,6.6,10.4,63.6,79.6,224.0,76.0,37.0,20.0,8.0,42.3,41.0,17.0,0.0,0.0,258.0,110.0,1036.0,6.0,6.0,47.0,347.0,95.0,104.0,1.0,89.0,3915.0,47.8,21.0,21.0,0.0,100.0,141.0,103.0,113.0,0.0,32:06,415.0,109.0,256.0,50.0,1176.0,6747.0,6.7,58.0,484.0,1950.0,4.7,17.0,658.0,455.0,4797.0,37.0,11.0,8.6,11.4,75.2,110.8,220.0,98.0,48.5,13.0,6.0,45.4,65.0,39.0,0.0,0.0,617.0,108.0,978.0,11.0,11.0,34.0,202.0,114.0,83.0,1.0,57.0,2472.0,47.5,21.0,21.0,0.0,45.8,0.0,-20.0,22.0,-13.0,23.5,14.9,7.9,65.3,0.0,20.0,-22.0,13.0,20.3,21.1,5.8,69.0,50.0,37.0,0.0,0.0,26.0,22.0,1.0,5.0,1.0,0.0,0.0,30.0,23.0,1.0,11.0,94.0,45.0,882.0,11.0,146.0,103.0,81.0,58.0,0.0,0.0,57.0,54.0,0.0,2.0,0.0,0.0,0.0,38.0,32.0,0.0,41.0,485.0,29.0,729.0,15.0,132.0,793.0,413.0,34.0,205.0,73.0,17.0,11.0,18.0,0.0,1.0,2.0,0.0,20.0,0.0,72.0,0.0,0.0,0.0,0.0,0.0,679.0,348.0,47.0,348.0,76.0,8.0,6.0,0.0,0.0,4.0,2.0,0.0,45.0,0.0,63.0,0.0,0.0,0.0,0.0,0.0,Jets,16.0,590.0,692.0,201000082.0,0.0,0.0,24.0,24.0,201000082.0,AFC East,1.0,2020.0,AFC,East,New York Jets,2.0,14.0,0.0,0.125,243.0,457.0,-214.0,26.0,0.0,6.0,1.0,11.0,24.0,0.0,0.0,24.0,4.0,15.0,New York Jets,https://upload.wikimedia.org/wikipedia/en/thumb/6/6b/New_York_Jets_logo.svg/100px-New_York_Jets_logo.svg.png
22,22,23.0,Las Vegas Raiders,LV,AFC,West,1.0,2020.0,434.0,478.0,912.0,63.0,52.0,11.0,55.3,1.3,78.0,134.0,77.0,142.0,3.0,31:04,391.0,132.0,224.0,35.0,1127.0,6673.0,7.0,52.0,497.0,2085.0,5.0,22.0,599.0,401.0,4588.0,30.0,11.0,9.1,12.4,72.9,107.9,215.0,99.0,50.0,23.0,17.0,82.9,64.0,35.0,0.0,0.0,458.0,107.0,931.0,17.0,17.0,30.0,181.0,83.0,77.0,0.0,48.0,2110.0,48.0,28.0,16.0,-12.0,93.0,136.0,67.0,176.0,6.0,29:28,415.0,124.0,243.0,48.0,1130.0,6773.0,7.1,60.0,477.0,2190.0,5.4,26.0,631.0,403.0,4583.0,30.0,11.0,8.6,12.4,69.4,102.7,223.0,109.0,53.1,18.0,15.0,89.7,74.0,46.0,0.0,0.0,449.0,103.0,996.0,6.0,6.0,23.0,140.0,65.0,71.0,0.0,52.0,2385.0,49.7,16.0,28.0,12.0,59.0,0.0,17.0,7.0,-8.0,17.6,13.7,4.8,67.2,0.0,-17.0,-7.0,8.0,15.4,11.3,4.1,103.0,84.0,66.0,0.0,-0.2,51.0,49.0,0.0,2.0,1.0,0.0,0.0,38.0,36.0,0.0,25.0,288.0,24.0,455.0,11.0,170.0,110.0,96.0,84.0,0.0,-0.30000000000000004,52.0,48.0,0.0,12.0,5.0,0.0,0.0,42.0,35.0,2.0,15.0,145.0,35.0,814.0,11.0,289.0,742.0,327.0,23.0,140.0,79.0,9.0,6.0,0.0,0.0,0.0,1.0,0.0,35.0,0.0,48.0,0.0,0.0,0.0,0.0,-11.0,734.0,395.0,30.0,181.0,65.0,22.0,17.0,15.0,1.0,2.0,0.0,0.0,41.0,0.0,41.0,0.0,0.0,0.0,0.0,-17.0,Raiders,16.0,630.0,654.0,201000083.0,0.0,0.0,25.0,25.0,201000083.0,AFC West,1.0,2020.0,AFC,West,Las Vegas Raiders,8.0,8.0,0.0,0.5,434.0,478.0,-44.0,48.0,4.0,2.0,6.0,6.0,25.0,0.0,0.0,25.0,2.0,9.0,Las Vegas Raiders,https://upload.wikimedia.org/wikipedia/en/thumb/4/48/Las_Vegas_Raiders_logo.svg/150px-Las_Vegas_Raiders_logo.svg.png
23,23,24.0,Philadelphia Eagles,PHI,NFC,East,1.0,2020.0,334.0,418.0,752.0,61.0,69.0,9.0,49.9,2.0,62.0,103.0,58.0,111.0,0.0,29:16,366.0,124.0,193.0,49.0,1160.0,5828.0,5.9,46.0,438.0,2209.0,5.9,18.0,651.0,363.0,3620.0,24.0,22.0,6.6,10.9,60.8,76.3,239.0,89.0,40.6,38.0,16.0,46.7,50.0,30.0,0.0,0.0,422.0,116.0,928.0,11.0,11.0,71.0,436.0,126.0,125.0,1.0,79.0,3694.0,50.6,32.0,21.0,-11.0,88.0,119.0,97.0,114.0,0.0,31:22,370.0,107.0,227.0,36.0,1153.0,6321.0,6.5,52.0,523.0,2189.0,5.0,22.0,577.0,396.0,4132.0,29.0,9.0,8.5,11.3,74.7,108.7,230.0,87.0,41.2,20.0,8.0,42.3,55.0,36.0,0.0,0.0,465.0,122.0,1127.0,12.0,12.0,53.0,353.0,165.0,107.0,2.0,77.0,3559.0,50.2,21.0,32.0,11.0,66.3,0.0,-39.0,18.0,-17.0,26.0,21.8,9.8,70.4,0.0,39.0,-18.0,17.0,26.4,24.9,10.1,82.0,65.0,50.0,0.0,3.8,28.0,26.0,0.0,22.0,6.0,2.0,2.0,21.0,15.0,0.0,28.0,250.0,34.0,705.0,9.0,110.0,100.0,83.0,62.0,0.0,4.1,51.0,49.0,1.0,2.0,0.0,0.0,0.0,35.0,29.0,1.0,47.0,298.0,28.0,632.0,22.0,144.0,806.0,376.0,53.0,357.0,47.0,16.0,14.0,62.0,1.0,1.0,1.0,1.0,79.0,0.0,50.0,0.0,0.0,0.0,0.0,257.0,744.0,296.0,70.0,433.0,87.0,22.0,11.0,23.0,0.0,1.0,1.0,0.0,22.0,0.0,40.0,0.0,0.0,0.0,0.0,274.0,Eagles,16.0,721.0,630.0,201000026.0,0.0,0.0,26.0,26.0,201000026.0,NFC East,1.0,2020.0,NFC,East,Philadelphia Eagles,4.0,11.0,1.0,0.281,334.0,418.0,-84.0,42.0,2.0,4.0,4.0,8.0,26.0,0.0,0.0,26.0,4.0,15.0,Philadelphia Eagles,https://upload.wikimedia.org/wikipedia/en/thumb/8/8e/Philadelphia_Eagles_logo.svg/100px-Philadelphia_Eagles_logo.svg.png
24,24,25.0,Pittsburgh Steelers,PIT,AFC,North,1.0,2020.0,416.0,312.0,728.0,57.0,58.0,9.0,48.9,-4.8,62.0,154.0,68.0,132.0,0.0,31:49,350.0,88.0,224.0,38.0,1135.0,5825.0,6.0,54.0,406.0,1470.0,4.3,13.0,714.0,466.0,4355.0,38.0,12.0,7.2,10.2,70.9,100.8,250.0,106.0,45.9,21.0,11.0,57.2,57.0,36.0,0.0,0.0,594.0,88.0,752.0,8.0,8.0,15.0,137.0,152.0,129.0,1.0,84.0,3775.0,49.1,20.0,29.0,11.0,54.0,115.0,66.0,77.0,0.0,29:11,306.0,102.0,177.0,26.0,1084.0,5324.0,5.8,39.0,450.0,1940.0,5.1,14.0,572.0,324.0,3384.0,24.0,20.0,7.0,11.3,61.7,80.1,242.0,90.0,40.7,22.0,6.0,27.2,49.0,27.0,0.0,0.0,597.0,112.0,1066.0,11.0,11.0,61.0,418.0,77.0,75.0,0.0,88.0,4027.0,49.7,29.0,20.0,-10.0,69.1,0.0,75.0,54.0,46.0,31.2,26.2,2.1,60.5,0.0,-75.0,-54.0,-46.0,20.1,11.5,10.4,96.0,71.0,49.0,0.0,0.0,49.0,45.0,1.0,11.0,2.0,0.0,0.0,26.0,25.0,0.0,40.0,387.0,32.0,729.0,20.0,184.0,78.0,63.0,44.0,0.0,0.0,36.0,35.0,0.0,7.0,2.0,0.0,0.0,26.0,22.0,0.0,35.0,348.0,45.0,988.0,12.0,240.0,764.0,295.0,61.0,418.0,91.0,13.0,11.0,23.0,0.0,4.0,0.0,0.0,62.0,0.0,53.0,0.0,0.0,0.0,0.0,0.0,757.0,354.0,15.0,137.0,98.0,17.0,8.0,9.0,0.0,1.0,0.0,0.0,79.0,0.0,70.0,0.0,0.0,0.0,0.0,0.0,Steelers,16.0,729.0,633.0,201000028.0,0.0,0.0,28.0,28.0,201000028.0,AFC North,1.0,2020.0,AFC,North,Pittsburgh Steelers,12.0,4.0,0.0,0.75,416.0,312.0,104.0,50.0,4.0,2.0,9.0,3.0,28.0,0.0,0.0,28.0,1.0,3.0,Pittsburgh Steelers,https://upload.wikimedia.org/wikipedia/commons/thumb/d/de/Pittsburgh_Steelers_logo.svg/100px-Pittsburgh_Steelers_logo.svg.png
25,25,26.0,Los Angeles Chargers,LAC,AFC,West,1.0,2020.0,384.0,426.0,810.0,63.0,53.0,7.0,51.2,-0.5,73.0,146.0,89.0,70.0,6.0,32:58,406.0,121.0,246.0,39.0,1226.0,6651.0,6.4,49.0,507.0,1941.0,4.5,13.0,682.0,449.0,4710.0,34.0,11.0,8.2,11.4,71.7,104.0,244.0,108.0,48.1,27.0,13.0,52.2,61.0,35.0,0.0,0.0,394.0,92.0,772.0,7.0,7.0,37.0,238.0,96.0,67.0,1.0,62.0,2904.0,50.9,17.0,21.0,4.0,84.0,111.0,102.0,120.0,9.0,29:26,353.0,122.0,202.0,28.0,1085.0,5979.0,6.5,53.0,465.0,2086.0,5.3,18.0,591.0,370.0,3893.0,32.0,13.0,7.8,11.4,68.1,98.3,222.0,97.0,47.4,16.0,11.0,72.6,60.0,35.0,0.0,0.0,851.0,102.0,945.0,8.0,8.0,29.0,149.0,120.0,107.0,1.0,66.0,3148.0,51.6,21.0,17.0,-3.0,62.1,0.0,-24.0,-39.0,-8.0,15.8,16.8,5.1,63.3,0.0,24.0,39.0,8.0,22.8,18.1,5.6,91.0,74.0,53.0,0.0,-0.30000000000000004,42.0,39.0,0.0,9.0,2.0,0.0,0.0,36.0,26.0,1.0,20.0,109.0,46.0,1005.0,13.0,236.0,98.0,75.0,51.0,0.0,-0.2,48.0,44.0,2.0,9.0,2.0,1.0,1.0,35.0,30.0,0.0,40.0,614.0,37.0,993.0,11.0,159.0,724.0,360.0,29.0,149.0,59.0,7.0,8.0,49.0,0.0,2.0,0.0,0.0,33.0,0.0,83.0,0.0,0.0,0.0,0.0,-17.0,788.0,496.0,37.0,238.0,76.0,11.0,8.0,13.0,0.0,0.0,5.0,1.0,76.0,0.0,48.0,65.0,2.0,0.0,0.0,-11.0,Chargers,16.0,719.0,620.0,201000084.0,0.0,0.0,29.0,29.0,201000084.0,AFC West,1.0,2020.0,AFC,West,Los Angeles Chargers,7.0,9.0,0.0,0.43799999999999994,384.0,426.0,-42.0,45.0,3.0,3.0,6.0,6.0,29.0,0.0,0.0,29.0,3.0,11.0,Los Angeles Chargers,https://upload.wikimedia.org/wikipedia/en/thumb/7/72/NFL_Chargers_logo.svg/100px-NFL_Chargers_logo.svg.png
26,26,27.0,San Francisco 49ers,SF,NFC,West,1.0,2020.0,376.0,390.0,766.0,69.0,55.0,6.0,51.2,-0.1,89.0,84.0,77.0,126.0,0.0,31:23,381.0,110.0,236.0,35.0,1138.0,6443.0,6.7,49.0,475.0,2055.0,5.1,21.0,620.0,404.0,4388.0,27.0,18.0,8.4,11.9,70.8,95.7,214.0,84.0,42.5,16.0,7.0,43.5,60.0,40.0,0.0,0.0,394.0,92.0,795.0,15.0,15.0,42.0,312.0,78.0,85.0,0.0,72.0,3365.0,51.0,34.0,22.0,-12.0,68.0,111.0,83.0,128.0,0.0,29:37,338.0,111.0,191.0,36.0,1085.0,5473.0,5.9,46.0,468.0,1853.0,4.7,13.0,584.0,371.0,3620.0,27.0,13.0,7.3,10.7,69.1,94.7,218.0,77.0,38.6,22.0,14.0,70.7,49.0,28.0,0.0,0.0,594.0,86.0,771.0,9.0,9.0,33.0,217.0,135.0,109.0,0.0,75.0,3644.0,52.8,22.0,34.0,12.0,73.2,0.0,-57.0,-24.0,-10.0,19.7,13.8,6.4,62.9,0.0,57.0,24.0,11.0,24.9,22.2,6.3,88.0,70.0,48.0,0.0,0.0,44.0,41.0,0.0,8.0,1.0,0.0,0.0,28.0,24.0,0.0,27.0,246.0,29.0,566.0,13.0,134.0,96.0,83.0,66.0,0.0,-0.2,44.0,40.0,1.0,5.0,1.0,0.0,0.0,40.0,36.0,0.0,25.0,199.0,35.0,865.0,18.0,319.0,726.0,331.0,33.0,217.0,67.0,14.0,9.0,14.0,0.0,1.0,0.0,0.0,23.0,0.0,37.0,0.0,0.0,0.0,0.0,0.0,747.0,403.0,42.0,312.0,86.0,17.0,16.0,76.0,2.0,2.0,1.0,0.0,24.0,1.0,82.0,0.0,0.0,0.0,0.0,-14.0,49ers,16.0,663.0,617.0,201000093.0,0.0,0.0,31.0,31.0,201000093.0,NFC West,1.0,2020.0,NFC,West,San Francisco 49ers,6.0,10.0,0.0,0.375,376.0,390.0,-14.0,45.0,3.0,3.0,4.0,8.0,31.0,0.0,0.0,31.0,4.0,10.0,San Francisco 49ers,https://upload.wikimedia.org/wikipedia/commons/thumb/3/3a/San_Francisco_49ers_logo.svg/100px-San_Francisco_49ers_logo.svg.png
27,27,28.0,Seattle Seahawks,SEA,NFC,West,1.0,2020.0,459.0,371.0,830.0,62.0,55.0,6.0,55.7,-5.1,86.0,128.0,118.0,127.0,0.0,30:08,387.0,121.0,235.0,32.0,1112.0,6432.0,6.9,60.0,447.0,2144.0,5.7,16.0,613.0,422.0,4288.0,44.0,14.0,8.3,11.1,75.0,111.8,206.0,83.0,43.7,15.0,9.0,62.1,61.0,45.0,0.0,0.0,335.0,91.0,720.0,6.0,6.0,52.0,331.0,124.0,109.0,4.0,66.0,3294.0,54.0,20.0,24.0,5.0,66.0,90.0,65.0,147.0,3.0,30:29,409.0,106.0,275.0,28.0,1210.0,6625.0,6.5,46.0,426.0,1664.0,4.6,20.0,733.0,490.0,4961.0,25.0,15.0,8.0,11.0,72.7,96.4,243.0,114.0,51.2,25.0,11.0,47.3,61.0,38.0,0.0,0.0,433.0,102.0,874.0,9.0,9.0,50.0,273.0,128.0,97.0,0.0,60.0,2746.0,49.9,24.0,20.0,-4.0,79.6,0.0,-4.0,12.0,-2.0,27.7,17.2,7.9,68.0,0.0,5.0,-12.0,2.0,23.6,21.0,7.6,101.0,78.0,57.0,0.0,-0.1,58.0,53.0,0.0,5.0,1.0,0.0,0.0,26.0,26.0,0.0,24.0,206.0,30.0,684.0,15.0,115.0,95.0,77.0,58.0,0.0,-0.2,36.0,28.0,1.0,14.0,2.0,1.0,1.0,38.0,32.0,0.0,30.0,217.0,41.0,887.0,14.0,217.0,798.0,355.0,50.0,270.0,86.0,15.0,11.0,14.0,0.0,0.0,1.0,0.0,22.0,0.0,53.0,0.0,0.0,0.0,0.0,-9.0,741.0,348.0,52.0,331.0,48.0,7.0,5.0,0.0,0.0,1.0,0.0,0.0,23.0,0.0,72.0,0.0,0.0,0.0,0.0,-12.0,Seahawks,16.0,665.0,783.0,201000090.0,0.0,0.0,30.0,30.0,201000090.0,NFC West,1.0,2020.0,NFC,West,Seattle Seahawks,12.0,4.0,0.0,0.75,459.0,371.0,88.0,55.0,4.0,2.0,9.0,3.0,30.0,0.0,0.0,30.0,1.0,3.0,Seattle Seahawks,https://upload.wikimedia.org/wikipedia/en/thumb/8/8e/Seattle_Seahawks_logo.svg/100px-Seattle_Seahawks_logo.svg.png
28,28,29.0,Los Angeles Rams,LAR,NFC,West,1.0,2020.0,372.0,296.0,668.0,70.0,60.0,5.0,51.1,-4.0,81.0,101.0,87.0,103.0,0.0,32:01,383.0,134.0,224.0,25.0,1184.0,6563.0,6.5,47.0,515.0,2196.0,5.1,21.0,642.0,426.0,4367.0,22.0,15.0,8.0,11.1,72.2,94.9,246.0,107.0,47.2,18.0,9.0,51.2,62.0,36.0,0.0,0.0,559.0,77.0,713.0,12.0,12.0,27.0,184.0,113.0,88.0,1.0,74.0,3372.0,49.6,27.0,24.0,-3.0,66.0,123.0,47.0,60.0,0.0,28:59,305.0,99.0,185.0,21.0,1076.0,4908.0,5.4,36.0,422.0,1588.0,4.5,13.0,596.0,378.0,3319.0,18.0,15.0,6.6,10.4,68.9,84.6,227.0,81.0,38.5,23.0,11.0,46.7,50.0,29.0,0.0,0.0,593.0,85.0,633.0,9.0,9.0,58.0,381.0,88.0,104.0,0.0,91.0,4423.0,52.7,24.0,27.0,4.0,63.0,0.0,25.0,-16.0,30.0,22.7,18.8,4.1,63.9,0.0,-25.0,16.0,-30.0,22.1,14.4,10.4,88.0,74.0,59.0,0.0,-1.0,46.0,41.0,2.0,2.0,1.0,0.0,0.0,33.0,26.0,0.0,37.0,256.0,27.0,561.0,15.0,289.0,74.0,62.0,44.0,0.0,-0.1,35.0,35.0,0.0,1.0,0.0,0.0,0.0,28.0,24.0,1.0,25.0,323.0,28.0,802.0,15.0,136.0,720.0,373.0,58.0,374.0,74.0,12.0,9.0,14.0,1.0,4.0,1.0,0.0,37.0,0.0,45.0,0.0,0.0,0.0,0.0,-65.0,823.0,354.0,27.0,185.0,70.0,13.0,12.0,134.0,2.0,1.0,2.0,1.0,96.0,0.0,59.0,0.0,0.0,0.0,0.0,-9.0,Rams,16.0,669.0,654.0,201000032.0,0.0,0.0,32.0,32.0,201000032.0,NFC West,1.0,2020.0,NFC,West,Los Angeles Rams,10.0,6.0,0.0,0.625,372.0,296.0,76.0,43.0,3.0,3.0,9.0,3.0,32.0,0.0,0.0,32.0,2.0,6.0,Los Angeles Rams,https://upload.wikimedia.org/wikipedia/en/thumb/8/8a/Los_Angeles_Rams_logo.svg/100px-Los_Angeles_Rams_logo.svg.png
29,29,30.0,Tampa Bay Buccaneers,TB,NFC,South,1.0,2020.0,492.0,355.0,847.0,69.0,69.0,14.0,53.6,-5.2,88.0,157.0,112.0,135.0,0.0,29:54,396.0,89.0,259.0,48.0,1106.0,6686.0,7.1,64.0,401.0,1653.0,4.9,17.0,681.0,446.0,5033.0,46.0,13.0,8.8,12.3,71.3,110.8,208.0,90.0,47.3,15.0,9.0,62.1,66.0,46.0,0.0,0.0,425.0,91.0,778.0,6.0,6.0,24.0,163.0,126.0,120.0,1.0,60.0,2705.0,49.2,18.0,27.0,9.0,100.0,117.0,77.0,61.0,0.0,31:06,347.0,85.0,234.0,28.0,1113.0,5695.0,6.0,46.0,390.0,1402.0,4.3,11.0,671.0,463.0,4292.0,32.0,16.0,7.6,10.1,75.1,99.9,223.0,89.0,43.5,27.0,15.0,60.9,55.0,35.0,0.0,0.0,533.0,103.0,1104.0,11.0,11.0,52.0,398.0,88.0,64.0,0.0,71.0,3216.0,49.5,27.0,18.0,-9.0,75.0,0.0,38.0,55.0,28.0,33.4,18.9,3.4,68.2,0.0,-38.0,-55.0,-28.0,17.4,13.6,8.5,110.0,101.0,92.0,0.0,0.0,62.0,57.0,2.0,5.0,0.0,0.0,0.0,34.0,30.0,1.0,33.0,191.0,27.0,594.0,16.0,186.0,86.0,70.0,57.0,0.0,0.0,42.0,41.0,0.0,7.0,1.0,0.0,0.0,28.0,23.0,0.0,25.0,257.0,15.0,512.0,13.0,276.0,734.0,327.0,52.0,392.0,76.0,16.0,11.0,48.0,0.0,1.0,1.0,0.0,23.0,0.0,37.0,0.0,0.0,0.0,0.0,0.0,685.0,369.0,24.0,163.0,58.0,8.0,6.0,0.0,0.0,2.0,1.0,1.0,81.0,0.0,107.0,0.0,0.0,0.0,0.0,0.0,Buccaneers,16.0,705.0,724.0,201000095.0,0.0,0.0,33.0,33.0,201000095.0,NFC South,1.0,2020.0,NFC,South,Tampa Bay Buccaneers,11.0,5.0,0.0,0.6880000000000001,492.0,355.0,137.0,59.0,4.0,2.0,8.0,4.0,33.0,0.0,0.0,33.0,2.0,5.0,Tampa Bay Buccaneers,https://upload.wikimedia.org/wikipedia/en/thumb/a/a2/Tampa_Bay_Buccaneers_logo.svg/100px-Tampa_Bay_Buccaneers_logo.svg.png
30,30,31.0,Tennessee Titans,TEN,AFC,South,1.0,2020.0,491.0,439.0,930.0,61.0,55.0,7.0,54.7,-2.8,96.0,144.0,101.0,138.0,12.0,29:43,415.0,154.0,221.0,39.0,1122.0,6901.0,7.3,67.0,567.0,2927.0,6.2,28.0,528.0,344.0,3974.0,36.0,8.0,8.9,12.6,70.9,113.6,198.0,91.0,50.3,17.0,11.0,68.0,70.0,52.0,0.0,0.0,594.0,94.0,852.0,6.0,6.0,27.0,188.0,76.0,66.0,0.0,53.0,2455.0,50.0,13.0,25.0,12.0,77.0,143.0,97.0,122.0,0.0,32:48,425.0,123.0,269.0,34.0,1171.0,6933.0,7.0,60.0,465.0,2103.0,5.3,20.0,685.0,460.0,4830.0,39.0,16.0,8.3,11.4,73.0,105.0,233.0,121.0,56.5,28.0,16.0,62.8,71.0,49.0,0.0,0.0,281.0,112.0,914.0,9.0,9.0,21.0,168.0,92.0,74.0,1.0,49.0,2336.0,51.9,25.0,13.0,-12.0,81.6,0.0,-16.0,-8.0,-7.0,15.6,11.8,4.9,75.3,0.0,16.0,8.0,7.0,14.3,18.2,3.4,102.0,79.0,57.0,1.0,0.0,58.0,55.0,0.0,8.0,1.0,4.0,4.0,30.0,22.0,2.0,25.0,226.0,41.0,834.0,16.0,206.0,99.0,76.0,55.0,0.0,0.0,51.0,46.0,0.0,15.0,1.0,0.0,0.0,25.0,23.0,1.0,22.0,186.0,40.0,895.0,8.0,88.0,795.0,373.0,21.0,168.0,88.0,12.0,9.0,162.0,2.0,0.0,1.0,0.0,44.0,1.0,46.0,0.0,0.0,0.0,0.0,0.0,787.0,388.0,27.0,188.0,73.0,11.0,7.0,0.0,0.0,0.0,4.0,0.0,62.0,0.0,53.0,7.0,1.0,0.0,0.0,-2.0,Titans,16.0,555.0,706.0,201000034.0,0.0,0.0,34.0,34.0,201000034.0,AFC South,1.0,2020.0,AFC,South,Tennessee Titans,11.0,5.0,0.0,0.6880000000000001,491.0,439.0,52.0,62.0,5.0,1.0,8.0,4.0,34.0,0.0,0.0,34.0,1.0,4.0,Tennessee Titans,https://upload.wikimedia.org/wikipedia/en/thumb/c/c1/Tennessee_Titans_logo.svg/100px-Tennessee_Titans_logo.svg.png
31,31,32.0,Washington Football Team,WAS,NFC,East,1.0,2020.0,335.0,329.0,664.0,61.0,62.0,8.0,48.2,3.9,50.0,85.0,70.0,130.0,0.0,30:55,350.0,118.0,200.0,33.0,1143.0,5523.0,5.7,40.0,435.0,1753.0,4.7,20.0,654.0,423.0,3770.0,17.0,17.0,6.9,10.5,70.4,84.7,245.0,96.0,42.5,21.0,12.0,63.0,51.0,29.0,0.0,0.0,408.0,95.0,758.0,12.0,12.0,54.0,360.0,109.0,100.0,1.0,79.0,3812.0,52.2,29.0,25.0,-4.0,86.0,152.0,30.0,61.0,0.0,30:05,314.0,109.0,175.0,30.0,1092.0,5302.0,5.8,40.0,466.0,1964.0,5.0,15.0,576.0,359.0,3338.0,23.0,17.0,6.9,10.1,67.9,85.8,235.0,88.0,40.8,26.0,11.0,40.8,47.0,25.0,0.0,0.0,489.0,92.0,770.0,8.0,8.0,51.0,354.0,125.0,103.0,0.0,79.0,3667.0,50.3,25.0,29.0,5.0,62.5,0.0,-16.0,-3.0,-3.0,23.4,18.9,7.7,58.2,0.0,16.0,4.0,4.0,25.9,19.3,9.7,85.0,78.0,71.0,0.0,-0.1,35.0,33.0,0.0,9.0,0.0,0.0,0.0,37.0,29.0,0.0,34.0,191.0,34.0,702.0,17.0,148.0,84.0,66.0,50.0,0.0,-0.2,39.0,36.0,0.0,2.0,1.0,0.0,0.0,29.0,26.0,0.0,39.0,227.0,11.0,256.0,17.0,197.0,703.0,370.0,50.0,343.0,72.0,15.0,8.0,69.0,1.0,2.0,0.0,0.0,24.0,0.0,50.0,0.0,0.0,0.0,0.0,-10.0,757.0,376.0,54.0,366.0,78.0,16.0,12.0,64.0,2.0,0.0,0.0,0.0,18.0,0.0,73.0,0.0,0.0,0.0,0.0,-16.0,Football Team,16.0,708.0,627.0,201000097.0,0.0,0.0,35.0,35.0,201000097.0,NFC East,1.0,2020.0,NFC,East,Washington Football Team,7.0,9.0,0.0,0.43799999999999994,335.0,329.0,6.0,37.0,4.0,2.0,5.0,7.0,35.0,0.0,0.0,35.0,1.0,4.0,Washington Football Team,https://upload.wikimedia.org/wikipedia/commons/thumb/7/72/Washington_football_team_wlogo.svg/1024px-Washington_football_team_wlogo.svg.png
